snapshot_iteration,block_0,block_1,block_2,block_3,block_4,block_5,block_6,block_7,block_8,block_9,block_10,block_11,block_12,block_13,block_14,block_15,block_16,block_17,block_18,block_19
0,0.0903310428423427,0.07930284307139096,0.06132625293904233,0.18532854224397727,0.08607873426436659,0.06999455946732513,0.0956921422582733,0.021724868150812343,0.09820831731323791,0.05713941046646418,0.12039439809400868,0.1842562452408594,0.15681429541316555,0.08703970814324401,0.19262116415597036,0.03231464673503036,0.12281493115479135,0.027094335802347547,0.20154267793597094,0.17838760251631802
100,1.4477806046830888,0.5716448789708921,0.6795846054686525,0.27914763490859396,0.35190517895167583,0.17378632261382992,2.3060173197500857,0.19939816492697648,1.866852155518293,1.938277863438195,1.9890872324638194,0.36359049339692817,0.8944874579291859,0.3505461258479172,0.280924828398949,1.1571058798690856,0.39703354282454717,1.2551334312543792,0.1664011057218568,3.7849504681374055
200,3.2831332306914214,2.5612453870610183,0.6250888154811847,0.0,1.7027309286202479,1.0620616420537703,0.8176458816095165,0.15154805610445593,1.24638595380902,0.38681433155850664,2.564455283591986,1.58044689827091,0.31755108524759823,0.0,0.9016194780313045,2.6437625336582524,0.35995045423126537,0.7071442122599276,2.3692933016201287,4.425365386881223
300,3.397333543785472,1.875264311409337,0.6941246276200501,0.0,1.7266118591352073,0.8792298940940708,1.389024209366455,0.5744175290213258,1.1755104154673552,1.782013491168475,3.9149209913781733,0.8108773245763512,1.8960489873754476,0.2574751572837113,0.8736883321548403,2.493058119686478,2.657085818370967,2.4716154011011255,2.8107416000413146,4.556970320045303
400,3.763625565684895,1.6678772629998921,0.2986018412683852,1.541026060350192,0.7187443779690588,0.1725127428443593,2.1266582752471446,1.0836988343021972,0.5735103717242807,0.5334423790764011,4.333795493796498,1.5640287201723553,2.4172545632647533,0.3256679064308264,0.3483843886706005,2.417560215094349,2.7330575876681706,2.6099802241346035,2.6956540869046592,4.4779656568840585
