Schedule,Success Probability,Mean Best Energy,Std Best Energy,Mean Final Energy,Std Final Energy
Linear,0.064,-7.203,0.8864485320648909,-6.907,1.0650591532868023
Geometric,0.053,-7.187,0.8426333722325505,-6.708,1.080155544354608
Logarithmic,0.013,-5.387,1.0803846537229227,-5.386,1.0812048834517904
Linear Staircase,0.065,-7.157,0.8845060768587178,-6.859,1.0521972248585338
Geometric Staircase,0.054,-7.182,0.8779954441795244,-6.707,1.1122728981684304
Quenching,0.007,-5.188,1.0948314938838763,-5.187,1.0945460246147714
